produktlink-href,Title,Members_price,Price
https://www.skalk.dk/webshoppen/produkter/imports/9788789531151-til-hele-rigets-vaern/,Til hele rigets værn,"Medlemspris: 140,00 kr.","Pris: 188,00 kr."
https://www.skalk.dk/webshoppen/produkter/imports/9788712057505-when-architecture-tells-the-story/,When architecture tells the story,"Medlemspris: 297,50 kr.","Pris: 349,95 kr."
https://www.skalk.dk/webshoppen/produkter/imports/9788774061342-en-soenderjysk-roemningsmand-i-groenland/,En sønderjysk rømningsmand i Grønland,"Medlemspris: 132,50 kr.","Pris: 98,00 kr."
https://www.skalk.dk/webshoppen/produkter/imports/9788711699089-danmarks-titanic/,Danmarks Titanic,"Medlemspris: 255,00 kr.","Pris: 299,95 kr."
https://www.skalk.dk/webshoppen/produkter/imports/9788772162256-alverdens-vikinger/,Alverdens vikinger,"Medlemspris: 340,00 kr.","Pris: 399,00 kr."
https://www.skalk.dk/webshoppen/produkter/imports/9788772192949-tings-tale-03/,Tings tale 03,"Medlemspris: 162,00 kr.","Pris: 180,00 kr."
https://www.skalk.dk/webshoppen/produkter/imports/9788788415766-kongens-borge/,Kongens Borge,"Medlemspris: 312,75 kr.","Pris: 348,00 kr."
https://www.skalk.dk/webshoppen/produkter/imports/9788799508679-dansk-koloni-i-indieland/,DANSK KOLONI I INDIELAND,"Medlemspris: 315,00 kr.","Pris: 349,00 kr."
https://www.skalk.dk/webshoppen/produkter/imports/9788788415438-tranbaer-mosefund/,Tranbær Mosefund,"Medlemspris: 177,50 kr.","Pris: 198,00 kr."
https://www.skalk.dk/webshoppen/produkter/imports/9788772374123-her-findes-et-minde/,Her findes et minde,"Medlemspris: 225,00 kr.","Pris: 299,95 kr."
https://www.skalk.dk/webshoppen/produkter/imports/9788772372143-roede-viking/,Røde viking,"Medlemspris: 120,00 kr.","Pris: 159,95 kr."
https://www.skalk.dk/webshoppen/produkter/imports/9788792625939-inddaemningen-ved-odense-fjord/,Inddæmningen ved Odense Fjord,"Medlemspris: 180,00 kr.","Pris: 200,00 kr."
https://www.skalk.dk/webshoppen/produkter/imports/9788702220353-den-folkekaere-stalinist/,Den folkekære stalinist,"Medlemspris: 315,00 kr.","Pris: 349,95 kr."
https://www.skalk.dk/webshoppen/produkter/imports/9788772190532-gefjon-4/,Gefjon 4,"Medlemspris: 212,46 kr.","Pris: 249,95 kr."
https://www.skalk.dk/webshoppen/produkter/imports/9788740662030-ubaadskrig-i-kattegat/,Ubådskrig i Kattegat,"Medlemspris: 223,75 kr.","Pris: 279,95 kr."
https://www.skalk.dk/webshoppen/produkter/imports/9788789531007-line-og-faetter-lukas-paa-opdagelsesrejse/,Line og fætter Lukas på opdagelsesrejse,"Medlemspris: 48,00 kr.","Pris: 64,00 kr."
https://www.skalk.dk/webshoppen/produkter/imports/9788740655612-koebenhavn/,København,"Medlemspris: 200,00 kr.","Pris: 249,95 kr."
https://www.skalk.dk/webshoppen/produkter/imports/9788793771079-det-modige-skib-lotus/,Det modige skib Lotus,"Medlemspris: 63,75 kr.","Pris: 75,00 kr."
https://www.skalk.dk/webshoppen/produkter/imports/9788771143157-odense-fortaellinger/,Odense Fortællinger,"Medlemspris: 119,00 kr.","Pris: 140,00 kr."
https://www.skalk.dk/webshoppen/produkter/imports/9788712059066-skilleveje/,Skilleveje,"Medlemspris: 255,00 kr.","Pris: 299,95 kr."
https://www.skalk.dk/webshoppen/produkter/imports/9788702250602-de-uoenskede/,De uønskede,"Medlemspris: 340,00 kr.","Pris: 399,95 kr."
https://www.skalk.dk/webshoppen/produkter/imports/9788793464407-poq-den-foerste-groenlaender-i-danmark-som-kom-hjem/,Poq den første grønlænder i Danmark som kom hjem,"Medlemspris: 268,88 kr.","Pris: 299,00 kr."
https://www.skalk.dk/webshoppen/produkter/imports/9788793423084-tvilum-kloster/,Tvilum Kloster,"Medlemspris: 197,50 kr.","Pris: 220,00 kr."
https://www.skalk.dk/webshoppen/produkter/imports/9788799933631-vor-frue-kloster/,Vor Frue Kloster,"Medlemspris: 127,50 kr.","Pris: 150,00 kr."
https://www.skalk.dk/webshoppen/produkter/imports/9788788415292-grauballe-man/,Grauballe Man,"Medlemspris: 297,50 kr.","Pris: 350,00 kr."
https://www.skalk.dk/webshoppen/produkter/imports/9788740610727-gudenaaen/,Gudenåen,"Medlemspris: 200,00 kr.","Pris: 249,95 kr."
https://www.skalk.dk/webshoppen/produkter/imports/9788740654189-bornholm-med-ertholmene/,Bornholm med Ertholmene,"Medlemspris: 200,00 kr.","Pris: 249,95 kr."
https://www.skalk.dk/webshoppen/produkter/imports/9788789531038-en-liden-bog-om-allehaande-sygdomme/,En liden bog om allehånde sygdomme,"Medlemspris: 137,50 kr.","Pris: 194,00 kr."
https://www.skalk.dk/webshoppen/produkter/imports/9788740059397-lusepustere-og-slingrefise/,Lusepustere og slingrefise,"Medlemspris: 170,00 kr.","Pris: 200,00 kr."
https://www.skalk.dk/webshoppen/produkter/imports/9788793958487-postkort-fortaeller-historie-fra-kolding-egnen/,Postkort fortæller historie fra Kolding-egnen,"Medlemspris: 237,50 kr.","Pris: 249,95 kr."
https://www.skalk.dk/webshoppen/produkter/imports/9788763546386-let-greece-and-rome-be-silent/,Let Greece and Rome Be Silent,"Medlemspris: 278,75 kr.","Pris: 348,00 kr."
https://www.skalk.dk/webshoppen/produkter/imports/9788774674733-jerntaeppet/,Jerntæppet,"Medlemspris: 212,50 kr.","Pris: 249,95 kr."
https://www.skalk.dk/webshoppen/produkter/imports/9788779342972-nordbomoenstre/,Nordbomønstre,"Medlemspris: 210,00 kr.","Pris: 248,00 kr."
https://www.skalk.dk/webshoppen/produkter/imports/9788740833386-kongens-klaeder-2/,Kongens klæder 2,"Medlemspris: 538,20 kr.","Pris: 598,00 kr."
https://www.skalk.dk/webshoppen/produkter/imports/9788793272705-plovmanden-soeren-revsgaard-randrup/,Plovmanden Søren Revsgaard Randrup,"Medlemspris: 247,50 kr.","Pris: 275,00 kr."
https://www.skalk.dk/webshoppen/produkter/imports/9788779343085-means-of-exchange/,Means of Exchange,"Medlemspris: 393,75 kr.","Pris: 438,00 kr."
https://www.skalk.dk/webshoppen/produkter/imports/9788799881628-de-frie-boenders-land/,De frie bønders land,"Medlemspris: 255,00 kr.","Pris: 299,95 kr."
https://www.skalk.dk/webshoppen/produkter/imports/9788797146613-krigens-sidste-aar/,Krigens sidste år,"Medlemspris: 340,00 kr.","Pris: 400,00 kr."
https://www.skalk.dk/webshoppen/produkter/imports/9788712060642-poul-og-kaerligheden/,Poul og kærligheden,"Medlemspris: 297,50 kr.","Pris: 349,95 kr."
https://www.skalk.dk/webshoppen/produkter/imports/9788793286146-bronzealderens-helleristninger-som-solkalender/,Bronzealderens helleristninger som solkalender,"Medlemspris: 300,00 kr.","Pris: 325,00 kr."
https://www.skalk.dk/webshoppen/produkter/imports/9788740037319-de-sidste-fiskere/,De sidste fiskere,"Medlemspris: 255,00 kr.","Pris: 300,00 kr."
https://www.skalk.dk/webshoppen/produkter/imports/9788702179101-tommy-og-tanne/,Tommy og Tanne,"Medlemspris: 297,50 kr.","Pris: 349,95 kr."
https://www.skalk.dk/webshoppen/produkter/imports/9788702075731-maersk-mc-kinney-moeller/,Mærsk Mc-Kinney Møller,"Medlemspris: 297,50 kr.","Pris: 350,00 kr."
https://www.skalk.dk/webshoppen/produkter/imports/9788799881673-de-foerste-og-stoerste-fund/,De første og største fund,"Medlemspris: 299,00 kr.","Pris: 349,95 kr."
https://www.skalk.dk/webshoppen/produkter/imports/9788770170123-det-kan-ikke-ske-i-danmark/,Det kan ikke ske i Danmark,"Medlemspris: 127,50 kr.","Pris: 149,95 kr."
https://www.skalk.dk/webshoppen/produkter/imports/9788799455515-nord%C3%B8stgr%C3%B8nland-1908-60/,NORDØSTGRØNLAND 1908-60,"Medlemspris: 531,25 kr.","Pris: 590,00 kr."
https://www.skalk.dk/webshoppen/produkter/imports/9788789531052-roskildekroeniken/,Roskildekrøniken,"Medlemspris: 128,00 kr.","Pris: 159,00 kr."
https://www.skalk.dk/webshoppen/produkter/imports/9788791011016-koebenhavns-bombardement-1807/,Københavns Bombardement 1807,"Medlemspris: 133,75 kr.","Pris: 149,00 kr."
https://www.skalk.dk/webshoppen/produkter/imports/9788740620610-horsens-i-aartier-1950erne/,Horsens i årtier - 1950'erne,"Medlemspris: 280,00 kr.","Pris: 349,95 kr."
https://www.skalk.dk/webshoppen/produkter/imports/9788789531045-braet-og-brik/,Bræt og brik,"Medlemspris: 102,00 kr.","Pris: 128,00 kr."
https://www.skalk.dk/webshoppen/produkter/imports/9788712049555-danmark-og-kolonierne-groenland/,Danmark og kolonierne - Grønland,"Medlemspris: 297,50 kr.","Pris: 349,95 kr."
https://www.skalk.dk/webshoppen/produkter/imports/9788712058236-soefartshistorier/,Søfartshistorier,"Medlemspris: 297,50 kr.","Pris: 349,95 kr."
https://www.skalk.dk/webshoppen/produkter/imports/9788793423503-kuml-2020/,KUML 2020,"Medlemspris: 180,00 kr.","Pris: 200,00 kr."
https://www.skalk.dk/webshoppen/produkter/imports/9788789531281-herr-stankelbeens-maerkvaerdige-reiser-og-selsomme-eventyr-til-lands-og-vands/,Herr Stankelbeens mærkværdige Reiser og selsomme Eventyr til Lands og Vands,"Medlemspris: 88,00 kr.","Pris: 113,00 kr."
https://www.skalk.dk/webshoppen/produkter/imports/9788772183008-med-morfar-ved-kulkysten/,Med morfar ved kulkysten,"Medlemspris: 112,50 kr.","Pris: 149,95 kr."
https://www.skalk.dk/webshoppen/produkter/imports/9788702199871-karen-blixens-blomster/,Karen Blixens Blomster,"Medlemspris: 234,00 kr.","Pris: 259,95 kr."
https://www.skalk.dk/webshoppen/produkter/imports/9788740669763-med-fornoeden-dristighed/,Med fornøden dristighed,"Medlemspris: 279,96 kr.","Pris: 349,95 kr."
https://www.skalk.dk/webshoppen/produkter/imports/9788789531342-droemte-mig-en-droem/,Drømte mig en drøm,"Medlemspris: 62,50 kr.","Pris: 80,00 kr."
https://www.skalk.dk/webshoppen/produkter/imports/9788792000781-farvel-og-tak/,Farvel og tak,"Medlemspris: 101,25 kr.","Pris: 120,00 kr."
https://www.skalk.dk/webshoppen/produkter/imports/9788740666090-vikingernes-stoerste-slag/,Vikingernes største slag,"Medlemspris: 295,00 kr.","Pris: 349,95 kr."
https://www.skalk.dk/webshoppen/produkter/imports/9788785160768-sjaellandske-kroenike/,Sjællandske Krønike,"Medlemspris: 140,00 kr.","Pris: 177,00 kr."
https://www.skalk.dk/webshoppen/produkter/imports/9788793755123-livet-paa-hirsholm-i-1697/,Livet på Hirsholm i 1697,"Medlemspris: 109,44 kr.","Pris: 129,00 kr."
https://www.skalk.dk/webshoppen/produkter/imports/9788702176025-herluf-trolle/,Herluf Trolle,"Medlemspris: 270,00 kr.","Pris: 299,95 kr."
https://www.skalk.dk/webshoppen/produkter/imports/9788763538916-danmark-og-faeroeerne/,Danmark og Færøerne,"Medlemspris: 140,00 kr.","Pris: 175,00 kr."
https://www.skalk.dk/webshoppen/produkter/imports/9788799933624-sveriges-cisterciencerklostre/,Sveriges cisterciencerklostre,"Medlemspris: 253,94 kr.","Pris: 298,00 kr."
https://www.skalk.dk/webshoppen/produkter/imports/9788711890356-dansk-vestindien-historien-og-oeerne/,Dansk Vestindien: Historien og øerne,"Medlemspris: 270,00 kr.","Pris: 299,95 kr."
https://www.skalk.dk/webshoppen/produkter/imports/9788740618228-aarhus-i-aartier-1970erne/,Aarhus i årtier - 1970'erne,"Medlemspris: 280,00 kr.","Pris: 349,95 kr."
https://www.skalk.dk/webshoppen/produkter/imports/9788711917046-dronning-margrethe/,Dronning Margrethe,"Medlemspris: 320,00 kr.","Pris: 399,95 kr."
https://www.skalk.dk/webshoppen/produkter/imports/9788702124378-amalienborg-dansk-udgave/,Amalienborg - dansk udgave,"Medlemspris: 170,00 kr.","Pris: 199,95 kr."
https://www.skalk.dk/webshoppen/produkter/imports/9788763507813-danske-kongegrave-i-iii/,Danske Kongegrave I-III,"Medlemspris: 920,00 kr.","Pris: 1.150,00 kr."
https://www.skalk.dk/webshoppen/produkter/imports/9788793423534-hummelure/,Hummelure,"Medlemspris: 223,20 kr.","Pris: 248,00 kr."
https://www.skalk.dk/webshoppen/produkter/imports/9788779344976-vikingernes-syn-paa-militaer-og-samfund/,Vikingernes syn på militær og samfund,"Medlemspris: 295,00 kr.","Pris: 348,00 kr."
https://www.skalk.dk/webshoppen/produkter/imports/9788799884247-paa-den-anden-side-af-jerntaeppet/,På den anden side af jerntæppet,"Medlemspris: 178,75 kr.","Pris: 199,00 kr."
https://www.skalk.dk/webshoppen/produkter/imports/9788740665789-duellen/,Duellen,"Medlemspris: 240,00 kr.","Pris: 299,95 kr."
https://www.skalk.dk/webshoppen/produkter/imports/9788711565216-danmarks-oldtid-i-landskabet/,Danmarks oldtid i landskabet,"Medlemspris: 340,00 kr.","Pris: 399,95 kr."
https://www.skalk.dk/webshoppen/produkter/imports/9788763540735-thor-kult-i-vikingetiden/,Thor-kult i vikingetiden,"Medlemspris: 198,00 kr.","Pris: 248,00 kr."
https://www.skalk.dk/webshoppen/produkter/imports/9788799730025-st-thomas-mysteriet/,St. Thomas-mysteriet,"Medlemspris: 127,50 kr.","Pris: 149,00 kr."
https://www.skalk.dk/webshoppen/produkter/imports/9788712057451-christianshavnerliv/,Christianshavnerliv,"Medlemspris: 297,50 kr.","Pris: 349,95 kr."
https://www.skalk.dk/webshoppen/produkter/imports/9788771848304-vikingetid/,Vikingetid,"Medlemspris: 110,50 kr.","Pris: 129,95 kr."
https://www.skalk.dk/webshoppen/produkter/imports/9788702249934-jelling/,Jelling,"Medlemspris: 127,50 kr.","Pris: 149,95 kr."
https://www.skalk.dk/webshoppen/produkter/imports/9788702055337-poul-henningsen-dengang-og-nu-en-debatbog/,Poul Henningsen dengang og nu - en debatbog,"Medlemspris: 360,00 kr.","Pris: 399,95 kr."
https://www.skalk.dk/webshoppen/produkter/imports/9788740650921-mein-lieber-kristian/,Mein lieber Kristian,"Medlemspris: 200,00 kr.","Pris: 249,95 kr."
https://www.skalk.dk/webshoppen/produkter/imports/9788712058588-kinafarerne/,Kinafarerne,"Medlemspris: 297,50 kr.","Pris: 349,95 kr."
https://www.skalk.dk/webshoppen/produkter/imports/9788740670189-dragsholm-slot-i-danmarkshistorien/,Dragsholm Slot i danmarkshistorien,"Medlemspris: 239,96 kr.","Pris: 299,95 kr."
https://www.skalk.dk/webshoppen/produkter/imports/9788789531540-nefatavl/,Nefatavl,"Medlemspris: 179,00 kr.","Pris: 249,00 kr."
https://www.skalk.dk/webshoppen/produkter/imports/9788797114230-tycho-brahe-opdagelsen-af-den-nye-stjerne/,Tycho Brahe - opdagelsen af den nye stjerne,"Medlemspris: 144,50 kr.","Pris: 169,95 kr."
https://www.skalk.dk/webshoppen/produkter/imports/9788779343634-vidnesbyrd/,Vidnesbyrd,"Medlemspris: 206,25 kr.","Pris: 229,95 kr."
https://www.skalk.dk/webshoppen/produkter/imports/9788792467218-vikingetidens-konger/,Vikingetidens konger,"Medlemspris: 297,50 kr.","Pris: 349,00 kr."
https://www.skalk.dk/webshoppen/produkter/imports/9788788415865-aggersborg-i-vikingetiden/,Aggersborg i vikingetiden,null,"Pris: 405,00 kr."
https://www.skalk.dk/webshoppen/produkter/imports/9788702083804-fortidens-slagmarker/,Fortidens slagmarker,"Medlemspris: 255,00 kr.","Pris: 299,95 kr."
https://www.skalk.dk/webshoppen/produkter/imports/9788797026816-naver-med-haandvaerkerne-paa-valsen/,Naver - Med håndværkerne på valsen,null,"Pris: 268,75 kr."
https://www.skalk.dk/webshoppen/produkter/imports/9788763546768-hieratic-texts-from-tebtunis/,Hieratic Texts from Tebtunis,"Medlemspris: 317,50 kr.","Pris: 398,00 kr."
https://www.skalk.dk/webshoppen/produkter/imports/9788774061137-soenderjyllands-historie-bd2/,Sønderjyllands historie Bd.2,"Medlemspris: 205,00 kr.","Pris: 228,00 kr."
https://www.skalk.dk/webshoppen/produkter/imports/9788793890077-naesehornsfuglen-skriger-hovedjagt-og-kraniekult/,Næsehornsfuglen skriger – hovedjagt og kraniekult,"Medlemspris: 270,00 kr.","Pris: 299,95 kr."
https://www.skalk.dk/webshoppen/produkter/imports/9788793423466-bebyggelse-paa-samsoe/,Bebyggelse på Samsø,"Medlemspris: 222,75 kr.","Pris: 248,00 kr."
https://www.skalk.dk/webshoppen/produkter/imports/9788712049562-danmark-og-kolonierne-vestindien/,Danmark og kolonierne - Vestindien,"Medlemspris: 297,50 kr.","Pris: 349,95 kr."
https://www.skalk.dk/webshoppen/produkter/imports/9788799837144-kronborg-bag-facaden/,Kronborg bag facaden,"Medlemspris: 312,50 kr.","Pris: 369,00 kr."
https://www.skalk.dk/webshoppen/produkter/imports/9788740617825-vasaerne/,Vasaerne,"Medlemspris: 280,00 kr.","Pris: 349,95 kr."
https://www.skalk.dk/webshoppen/produkter/imports/9788778878526-cf-hansen-i-danmark-og-tyskland/,C.F. Hansen i Danmark og Tyskland,"Medlemspris: 194,38 kr.","Pris: 229,00 kr."
https://www.skalk.dk/webshoppen/produkter/imports/9788702140675-det-kreative-samfund/,Det kreative samfund,"Medlemspris: 338,75 kr.","Pris: 399,00 kr."
https://www.skalk.dk/webshoppen/produkter/imports/9788778879301-danmarks-konger-og-regenter/,Danmarks konger og regenter,"Medlemspris: 211,25 kr.","Pris: 249,00 kr."
https://www.skalk.dk/webshoppen/produkter/imports/9788771847512-store-danske-arkaeologer/,Store danske arkæologer,"Medlemspris: 255,00 kr.","Pris: 299,95 kr."
https://www.skalk.dk/webshoppen/produkter/imports/9788799455546-krigen-i-nord%C3%B8stgr%C3%B8nland/,KRIGEN I NORDØSTGRØNLAND,"Medlemspris: 222,75 kr.","Pris: 248,00 kr."
https://www.skalk.dk/webshoppen/produkter/imports/9780955077303-one-thousand-days-with-sirius/,ONE THOUSAND DAYS WITH SIRIUS,"Medlemspris: 133,75 kr.","Pris: 148,00 kr."
https://www.skalk.dk/webshoppen/produkter/imports/9788763531245-saxo-og-snorre/,Saxo og Snorre,"Medlemspris: 200,00 kr.","Pris: 250,00 kr."
https://www.skalk.dk/webshoppen/produkter/imports/9788740650884-doeden-ved-yangtze-floden/,Døden ved Yangtze-floden,"Medlemspris: 240,00 kr.","Pris: 299,95 kr."
https://www.skalk.dk/webshoppen/produkter/imports/9788702043884-breve-fra-anders/,Breve fra Anders,"Medlemspris: 255,00 kr.","Pris: 299,95 kr."
https://www.skalk.dk/webshoppen/produkter/imports/9788772888057-drakenberg-og-mumien-i-%C3%A5rhus-domkirke/,Drakenberg og mumien i Århus Domkirke,"Medlemspris: 115,00 kr.","Pris: 128,00 kr."
https://www.skalk.dk/webshoppen/produkter/imports/9788702281644-det-vidste-du-heller-ikke-om-danmark/,Det vidste du heller ikke om Danmark,"Medlemspris: 255,00 kr.","Pris: 299,95 kr."
https://www.skalk.dk/webshoppen/produkter/imports/9788793423428-bygning-og-bolig-gaard-og-toft/,"Bygning og bolig, gård og toft","Medlemspris: 170,00 kr.","Pris: 200,00 kr."
https://www.skalk.dk/webshoppen/produkter/imports/9788740055009-engle-doer-aldrig-hells-angels-i-danmark-1957-1997/,Engle dør aldrig - Hells Angels i Danmark 1957-1997,"Medlemspris: 255,00 kr.","Pris: 300,00 kr."
https://www.skalk.dk/webshoppen/produkter/imports/9788763546676-afrodite-i-den-tidlige-graeske-epik/,Afrodite i den tidlige græske epik,"Medlemspris: 180,00 kr.","Pris: 225,00 kr."
https://www.skalk.dk/webshoppen/produkter/imports/9788793423015-franciskanerklosteret-i-horsens/,Franciskanerklosteret i Horsens,"Medlemspris: 168,75 kr.","Pris: 188,00 kr."
https://www.skalk.dk/webshoppen/produkter/imports/9788712064930-antikken-omkring-os/,Antikken omkring os,"Medlemspris: 315,00 kr.","Pris: 349,95 kr."
https://www.skalk.dk/webshoppen/produkter/imports/9788740669145-sundets-roede-nelliker/,Sundets røde nelliker,"Medlemspris: 279,96 kr.","Pris: 349,95 kr."
https://www.skalk.dk/webshoppen/produkter/imports/9788772889351-woven-into-the-earth/,Woven into the Earth,"Medlemspris: 358,75 kr.","Pris: 398,00 kr."
https://www.skalk.dk/webshoppen/produkter/imports/9788740062465-landsmaend/,Landsmænd,"Medlemspris: 170,00 kr.","Pris: 200,00 kr."
https://www.skalk.dk/webshoppen/produkter/imports/9788785160997-ryd-klosters-aarbog-i-kulturhistorisk-belysning/,Ryd klosters årbog i kulturhistorisk belysning,"Medlemspris: 126,00 kr.","Pris: 159,00 kr."
https://www.skalk.dk/webshoppen/produkter/imports/9788711906682-genforeningen-1920/,Genforeningen 1920,"Medlemspris: 320,00 kr.","Pris: 399,95 kr."
https://www.skalk.dk/webshoppen/produkter/imports/9788789531397-%C3%B8l-i-oldtiden/,Øl i oldtiden,"Medlemspris: 178,00 kr.","Pris: 230,00 kr."
https://www.skalk.dk/webshoppen/produkter/imports/9788755912656-karen-blixens-afrika/,Karen Blixens Afrika,"Medlemspris: 255,00 kr.","Pris: 299,95 kr."
https://www.skalk.dk/webshoppen/produkter/imports/9788740673494-svend-bjoern-og-pie/,"Svend, Bjørn og Pie","Medlemspris: 199,96 kr.","Pris: 249,95 kr."
https://www.skalk.dk/webshoppen/produkter/imports/9788740660302-de-eventyrlige-jorden-rundt-i-80-aar-med-eventyrernes-klub/,DE EVENTYRLIGE: Jorden rundt i 80 år med Eventyrernes Klub,"Medlemspris: 320,00 kr.","Pris: 399,95 kr."
https://www.skalk.dk/webshoppen/produkter/imports/9788774061434-diplomat-i-graenselandet/,Diplomat i grænselandet,"Medlemspris: 222,75 kr.","Pris: 248,00 kr."
https://www.skalk.dk/webshoppen/produkter/imports/9788789531465-historiehjulet/,Historiehjulet,null,"Pris: 50,00 kr."
https://www.skalk.dk/webshoppen/produkter/imports/9788702115598-bornholm-besat/,Bornholm besat,"Medlemspris: 255,00 kr.","Pris: 299,95 kr."
https://www.skalk.dk/webshoppen/produkter/imports/9788711567845-one-dollar-man/,One Dollar Man,"Medlemspris: 240,00 kr.","Pris: 299,95 kr."
https://www.skalk.dk/webshoppen/produkter/imports/9788702278545-folkets-tid/,Folkets tid,"Medlemspris: 255,00 kr.","Pris: 299,95 kr."
https://www.skalk.dk/webshoppen/produkter/imports/9788793220249-fotografer-i-hilleroed-1840-1920/,Fotografer i Hillerød 1840 - 1920,"Medlemspris: 212,50 kr.","Pris: 250,00 kr."
https://www.skalk.dk/webshoppen/produkter/imports/9788711984796-istiden-i-det-danske-landskab/,Istiden i det danske landskab,"Medlemspris: 320,00 kr.","Pris: 399,95 kr."
https://www.skalk.dk/webshoppen/produkter/imports/9788702210729-1864-dommedag-als/,1864. Dommedag Als,"Medlemspris: 80,00 kr.","Pris: 99,95 kr."
https://www.skalk.dk/webshoppen/produkter/imports/9788789531519-germania/,Germania,"Medlemspris: 124,00 kr.","Pris: 152,00 kr."
https://www.skalk.dk/webshoppen/produkter/imports/9789949607938-da-danskerne-fik-dannebrog/,Da danskerne fik Dannebrog,"Medlemspris: 212,50 kr.","Pris: 249,95 kr."
https://www.skalk.dk/webshoppen/produkter/imports/9788740657555-hitlers-doed/,Hitlers død,"Medlemspris: 240,00 kr.","Pris: 299,95 kr."
https://www.skalk.dk/webshoppen/produkter/imports/9788789531489-den-danske-kaffehistorie/,Den Danske Kaffehistorie,"Medlemspris: 248,00 kr.","Pris: 288,00 kr."
https://www.skalk.dk/webshoppen/produkter/imports/9788702047943-gyldendals-religionshistorie/,Gyldendals religionshistorie,"Medlemspris: 495,00 kr.","Pris: 549,95 kr."
https://www.skalk.dk/webshoppen/produkter/imports/9788789531120-boernespejlet/,Børnespejlet,"Medlemspris: 48,00 kr.","Pris: 58,00 kr."
https://www.skalk.dk/webshoppen/produkter/imports/9788779343252-oplysningens-verden/,Oplysningens verden,"Medlemspris: 422,50 kr.","Pris: 498,00 kr."
https://www.skalk.dk/webshoppen/produkter/imports/9788711569474-kvindernes-krig/,Kvindernes krig,"Medlemspris: 170,00 kr.","Pris: 199,95 kr."
https://www.skalk.dk/webshoppen/produkter/imports/9788712064954-finkultur-og-mangfoldighed/,Finkultur og mangfoldighed,"Medlemspris: 340,00 kr.","Pris: 399,95 kr."
https://www.skalk.dk/webshoppen/produkter/imports/9788771847444-museologi-mellem-fagene/,Museologi mellem fagene,"Medlemspris: 338,75 kr.","Pris: 399,95 kr."
https://www.skalk.dk/webshoppen/produkter/imports/9788788415780-tybrind-vig/,Tybrind Vig,"Medlemspris: 450,00 kr.","Pris: 499,95 kr."
https://www.skalk.dk/webshoppen/produkter/imports/9788755912335-militaere-efterretninger/,Militære efterretninger,"Medlemspris: 80,00 kr.","Pris: 99,95 kr."
https://www.skalk.dk/webshoppen/produkter/imports/9788785160683-nissens-historie/,Nissens historie,"Medlemspris: 118,00 kr.","Pris: 148,00 kr."
https://www.skalk.dk/webshoppen/produkter/imports/9788740036763-hvor-solen-graeder/,Hvor solen græder,"Medlemspris: 127,50 kr.","Pris: 150,00 kr."
https://www.skalk.dk/webshoppen/produkter/imports/9788740662191-et-danmark-i-splid-med-sig-selv/,Et Danmark i splid med sig selv,"Medlemspris: 280,00 kr.","Pris: 349,95 kr."
https://www.skalk.dk/webshoppen/produkter/imports/9788711333617-den-spanske-borgerkrig-1936-1939/,Den spanske borgerkrig 1936-1939,"Medlemspris: 255,00 kr.","Pris: 299,95 kr."
https://www.skalk.dk/webshoppen/produkter/imports/9788779343122-moentbrug/,Møntbrug,"Medlemspris: 125,38 kr.","Pris: 148,00 kr."
https://www.skalk.dk/webshoppen/produkter/imports/9788792596185-togtet/,Togtet,"Medlemspris: 265,00 kr.","Pris: 249,95 kr."
https://www.skalk.dk/webshoppen/produkter/imports/9788740613551-vikingernes-liv-og-faerden/,Vikingernes liv og færden,"Medlemspris: 200,00 kr.","Pris: 249,95 kr."
https://www.skalk.dk/webshoppen/produkter/imports/9788772189000-friluftsliv/,Friluftsliv,"Medlemspris: 150,00 kr.","Pris: 199,95 kr."
https://www.skalk.dk/webshoppen/produkter/imports/9788772305806-egyptisk-mytologi/,Egyptisk mytologi,"Medlemspris: 225,00 kr.","Pris: 249,00 kr."
https://www.skalk.dk/webshoppen/produkter/imports/9788789466927-kampen-om-norge-1788-1814/,Kampen om Norge 1788 - 1814,"Medlemspris: 222,75 kr.","Pris: 248,00 kr."
https://www.skalk.dk/webshoppen/produkter/imports/9788712058717-gotikkens-kalkmalerier/,Gotikkens kalkmalerier,"Medlemspris: 297,50 kr.","Pris: 349,95 kr."
https://www.skalk.dk/webshoppen/produkter/imports/9788789531434-oldtidshjulet/,Oldtidshjulet,null,"Pris: 48,00 kr."
https://www.skalk.dk/webshoppen/produkter/imports/9788789531441-kongehjulet/,Kongehjulet,null,"Pris: 50,00 kr."
https://www.skalk.dk/webshoppen/produkter/imports/9788779342958-romerrigets-historie/,Romerrigets Historie,"Medlemspris: 248,75 kr.","Pris: 278,00 kr."
https://www.skalk.dk/webshoppen/produkter/imports/9788712064794-pligt-og-omsorg/,Pligt og omsorg,"Medlemspris: 297,50 kr.","Pris: 349,95 kr."
https://www.skalk.dk/webshoppen/produkter/imports/9788789531533-den-danske-vinhistorie/,Den Danske Vinhistorie,"Medlemspris: 259,00 kr.","Pris: 325,00 kr."
https://www.skalk.dk/webshoppen/produkter/imports/9788793229907-fundats-og-ordinans-for-koebenhavns-universitet-1539/,Fundats og ordinans for Københavns Universitet 1539,"Medlemspris: 255,00 kr.","Pris: 299,95 kr."
https://www.skalk.dk/webshoppen/produkter/imports/9788771843804-industri-paa-udstilling/,Industri på udstilling,"Medlemspris: 85,00 kr.","Pris: 100,00 kr."
https://www.skalk.dk/webshoppen/produkter/imports/9788740668247-gerhard-von-kamptz-bornholms-sidste-tyske-kommandant/,Gerhard von Kamptz – Bornholms sidste tyske kommandant,"Medlemspris: 199,96 kr.","Pris: 249,95 kr."
https://www.skalk.dk/webshoppen/produkter/imports/9788702067903-lillys-danmarkshistorie/,Lillys Danmarkshistorie,"Medlemspris: 240,00 kr.","Pris: 299,95 kr."
https://www.skalk.dk/webshoppen/produkter/imports/9788740658514-magt-og-mennesker-i-danmarks-middelalder/,Magt og mennesker i Danmarks middelalder,"Medlemspris: 280,00 kr.","Pris: 349,95 kr."
https://www.skalk.dk/webshoppen/produkter/imports/9788740652581-for-danmarks-frihed/,For Danmarks frihed,"Medlemspris: 240,00 kr.","Pris: 299,95 kr."
https://www.skalk.dk/webshoppen/produkter/imports/9788771845853-rigets-runer/,Rigets runer,"Medlemspris: 85,00 kr.","Pris: 100,00 kr."
https://www.skalk.dk/webshoppen/produkter/imports/9788799676514-groenland-for-100-aar-siden/,Grønland for 100 år siden,"Medlemspris: 148,75 kr.","Pris: 175,00 kr."
https://www.skalk.dk/webshoppen/produkter/imports/9788771185850-dansk-vestindien/,Dansk Vestindien,"Medlemspris: 160,00 kr.","Pris: 179,00 kr."
https://www.skalk.dk/webshoppen/produkter/imports/9788740618235-aarhus-i-aartier-1980erne/,Aarhus i årtier – 1980'erne,"Medlemspris: 280,00 kr.","Pris: 349,95 kr."
https://www.skalk.dk/webshoppen/produkter/imports/9788702108323-hamlet-s-castle-and-shakespeare-s-elsinore/,Hamlet' s Castle and Shakespeare´s Elsinore,"Medlemspris: 127,50 kr.","Pris: 149,95 kr."
https://www.skalk.dk/webshoppen/produkter/imports/9788774061304-vaerdikamp-og-folkeuro/,Værdikamp og folkeuro,"Medlemspris: 150,00 kr.","Pris: 128,00 kr."
https://www.skalk.dk/webshoppen/produkter/imports/9788789531076-kogebog-paa-vers/,Kogebog på vers,"Medlemspris: 63,00 kr.","Pris: 82,00 kr."
https://www.skalk.dk/webshoppen/produkter/imports/9788702082302-tomis-a/,Tomis-A,"Medlemspris: 211,44 kr.","Pris: 249,00 kr."
https://www.skalk.dk/webshoppen/produkter/imports/9788712057444-holmens-kirke/,Holmens Kirke,"Medlemspris: 255,00 kr.","Pris: 299,95 kr."
https://www.skalk.dk/webshoppen/produkter/imports/9788798319252-omkring-faxe-jernbane-1864-1982/,Omkring Faxe Jernbane 1864 - 1982,"Medlemspris: 315,00 kr.","Pris: 350,00 kr."
https://www.skalk.dk/webshoppen/produkter/imports/9788771810080-trap-danmark-jammerbugt-thisted-broenderslev/,"Trap Danmark: Jammerbugt, Thisted, Brønderslev","Medlemspris: 340,00 kr.","Pris: 399,95 kr."
https://www.skalk.dk/webshoppen/produkter/imports/9788772183657-min-mors-og-min-mormors-gode-gamle-opskrifter-fra-fanoe/,Min mors og min mormors gode gamle opskrifter fra Fanø,"Medlemspris: 142,50 kr.","Pris: 189,95 kr."
https://www.skalk.dk/webshoppen/produkter/imports/9788799774456-gader-og-mennesker-i-middelalderens-og-renaessancens-koebenhavn/,Gader og mennesker i middelalderens og renæssancens København.,"Medlemspris: 224,00 kr.","Pris: 279,95 kr."
https://www.skalk.dk/webshoppen/produkter/imports/9788740663402-nuup-kangerlua/,Nuup Kangerlua,"Medlemspris: 224,00 kr.","Pris: 279,95 kr."
https://www.skalk.dk/webshoppen/produkter/imports/9788785160836-nestors-kroenike-beretningen-om-de-svundne-aar/,Nestors Krønike - beretningen om de svundne år,"Medlemspris: 220,00 kr.","Pris: 275,00 kr."
https://www.skalk.dk/webshoppen/produkter/imports/9788711564004-uopklaret-danmarkshistoriens-stoerste-uopklarede-kriminalsager/,Uopklaret - Danmarkshistoriens største uopklarede kriminalsager,"Medlemspris: 270,00 kr.","Pris: 299,95 kr."
https://www.skalk.dk/webshoppen/produkter/imports/9788711904312-100-historier-fra-frederiksberg/,100 historier fra Frederiksberg,"Medlemspris: 297,50 kr.","Pris: 349,95 kr."
https://www.skalk.dk/webshoppen/produkter/imports/9788755912069-%C3%B8jenvidner-til-historien/,Øjenvidner til historien,"Medlemspris: 120,00 kr.","Pris: 149,95 kr."
https://www.skalk.dk/webshoppen/produkter/imports/9788702284843-soenderjyder-i-krig/,Sønderjyder i krig,"Medlemspris: 255,00 kr.","Pris: 299,95 kr."
https://www.skalk.dk/webshoppen/produkter/imports/9788779342590-kaupang-in-skiringssal/,Kaupang in skiringssal,"Medlemspris: 472,50 kr.","Pris: 525,00 kr."
https://www.skalk.dk/webshoppen/produkter/imports/9788763538954-demokratiets-historie-fra-oldtid-til-nutid/,Demokratiets historie fra oldtid til nutid,"Medlemspris: 220,00 kr.","Pris: 275,00 kr."
https://www.skalk.dk/webshoppen/produkter/imports/9788711358023-anne-franks-dagbog/,Anne Franks Dagbog,"Medlemspris: 240,00 kr.","Pris: 299,95 kr."
https://www.skalk.dk/webshoppen/produkter/imports/9788771701739-kvindeeg-og-mindesten-i-jystrup/,Kvindeeg og Mindesten i Jystrup,"Medlemspris: 42,50 kr.","Pris: 50,00 kr."
https://www.skalk.dk/webshoppen/produkter/imports/9788740661392-kongen-i-danmark/,Kongen i Danmark,"Medlemspris: 239,96 kr.","Pris: 299,95 kr."
https://www.skalk.dk/webshoppen/produkter/imports/9788711946404-arbejderkvinder-og-kvindearbejde-i-koebenhavn-ca-1870-1906/,Arbejderkvinder og kvindearbejde i København ca. 1870-1906,"Medlemspris: 116,25 kr.","Pris: 129,95 kr."
https://www.skalk.dk/webshoppen/produkter/imports/9788788415612-vikinger-i-vest/,Vikinger i vest,"Medlemspris: 265,50 kr.","Pris: 295,00 kr."
https://www.skalk.dk/webshoppen/produkter/imports/9788740667912-lyst-og-lidenskab-i-middelalderen/,Lyst og lidenskab i middelalderen,"Medlemspris: 279,96 kr.","Pris: 349,95 kr."
https://www.skalk.dk/webshoppen/produkter/imports/9788793423268-lange-linjer-i-landskabet/,Lange linjer i landskabet,"Medlemspris: 318,75 kr.","Pris: 375,00 kr."
https://www.skalk.dk/webshoppen/produkter/imports/9788702234312-opera-i-guldalderens-koebenhavn/,Opera i guldalderens København,"Medlemspris: 255,00 kr.","Pris: 299,95 kr."
https://www.skalk.dk/webshoppen/produkter/imports/9788797150016-carsten-hoeeg-forsker-og-menneske/,Carsten Høeg - Forsker og menneske,"Medlemspris: 125,00 kr.","Pris: 140,00 kr."
https://www.skalk.dk/webshoppen/produkter/imports/9788740658927-syngeklubben-leipzigerne-og-andre-mennesker-fra-ddr/,"Syngeklubben, Leipzigerne og andre mennesker fra DDR","Medlemspris: 200,00 kr.","Pris: 249,95 kr."
https://www.skalk.dk/webshoppen/produkter/imports/9788770170420-civilisationernes-verdenshistorie/,Civilisationernes Verdenshistorie,"Medlemspris: 127,50 kr.","Pris: 149,95 kr."
https://www.skalk.dk/webshoppen/produkter/imports/9788793423602-smedens-rum-2-og-3-materialet-og-smeden/,"Smedens rum 2 og 3, Materialet og smeden.","Medlemspris: 133,20 kr.","Pris: 148,00 kr."
https://www.skalk.dk/webshoppen/produkter/imports/9788779343221-datering-af-fortiden/,Datering af Fortiden,"Medlemspris: 133,75 kr.","Pris: 148,00 kr."
https://www.skalk.dk/webshoppen/produkter/imports/9788793771031-sangeren-fra-fyret-og-krigshelten-fra-agger/,Sangeren fra fyret og krigshelten fra Agger,"Medlemspris: 170,00 kr.","Pris: 200,00 kr."
https://www.skalk.dk/webshoppen/produkter/imports/9788789531496-den-danske-chokoladehistorie/,Den Danske Chokoladehistorie,"Medlemspris: 248,00 kr.","Pris: 288,00 kr."
https://www.skalk.dk/webshoppen/produkter/imports/9788711915899-den-yderste-graense/,Den yderste grænse,"Medlemspris: 480,00 kr.","Pris: 599,95 kr."
https://www.skalk.dk/webshoppen/produkter/imports/9788794082006-raedselstiden/,Rædselstiden,"Medlemspris: 285,00 kr.","Pris: 299,95 kr."
https://www.skalk.dk/webshoppen/produkter/imports/9788702257274-fredy/,Fredy,"Medlemspris: 297,50 kr.","Pris: 349,95 kr."
https://www.skalk.dk/webshoppen/produkter/imports/9788702078817-konfrontationskurs/,Konfrontationskurs,"Medlemspris: 270,00 kr.","Pris: 299,95 kr."
https://www.skalk.dk/webshoppen/produkter/imports/9788793423145-daily-life-at-the-turn-of-the-neolithic/,Daily Life at the Turn of the Neolithic,"Medlemspris: 427,50 kr.","Pris: 475,00 kr."
https://www.skalk.dk/webshoppen/produkter/imports/9788702303667-kongehuset-under-besaettelsen/,Kongehuset under Besættelsen,"Medlemspris: 255,00 kr.","Pris: 299,95 kr."
https://www.skalk.dk/webshoppen/produkter/imports/9788740652376-haervejen/,Hærvejen,"Medlemspris: 200,00 kr.","Pris: 249,95 kr."
https://www.skalk.dk/webshoppen/produkter/imports/9788772897950-tingenes-kulturhistorie/,Tingenes kulturhistorie,"Medlemspris: 222,75 kr.","Pris: 248,00 kr."
https://www.skalk.dk/webshoppen/produkter/imports/9788793423374-de-draebte-krigere-i-alken-enge/,De dræbte krigere i Alken Enge,"Medlemspris: 255,00 kr.","Pris: 300,00 kr."
https://www.skalk.dk/webshoppen/produkter/imports/9788740650754-vikinger-kort-fortalt/,Vikinger - kort fortalt,"Medlemspris: 143,75 kr.","Pris: 179,95 kr."
https://www.skalk.dk/webshoppen/produkter/imports/9788789531373-boller-slot-i-650-aar/,Boller Slot i 650 år,"Medlemspris: 285,00 kr.","Pris: 335,00 kr."
https://www.skalk.dk/webshoppen/produkter/imports/9788793142572-p%C3%A5-gr%C3%B8nlands-%C3%B8stkyst/,PÅ GRØNLANDS ØSTKYST,"Medlemspris: 175,50 kr.","Pris: 195,00 kr."
https://www.skalk.dk/webshoppen/produkter/imports/9788740622041-skudt-ned/,Skudt ned,"Medlemspris: 280,00 kr.","Pris: 349,95 kr."
https://www.skalk.dk/webshoppen/produkter/imports/9788793229006-kongens-klaeder/,Kongens klæder,"Medlemspris: 424,96 kr.","Pris: 499,95 kr."
https://www.skalk.dk/webshoppen/produkter/imports/9788792571328-jelling-husene-og-deres-mennesker-1860-1960/,Jelling - Husene og deres mennesker - 1860 - 1960,"Medlemspris: 250,00 kr.","Pris: 295,00 kr."
https://www.skalk.dk/webshoppen/produkter/imports/9788711984406-sapiens-menneskehedens-foedsel/,Sapiens: Menneskehedens fødsel,"Medlemspris: 240,00 kr.","Pris: 299,95 kr."
https://www.skalk.dk/webshoppen/produkter/imports/9788779342880-the-archaeology-of-medieval-europe-eighth-to-twelfth-centuries-ad/,The  archaeology of medieval Europe Eighth to twelfth centuries AD,"Medlemspris: 540,00 kr.","Pris: 600,00 kr."
https://www.skalk.dk/webshoppen/produkter/imports/9788779342163-konge-kirke-og-samfund/,"Konge, kirke og samfund","Medlemspris: 403,75 kr.","Pris: 448,00 kr."
https://www.skalk.dk/webshoppen/produkter/imports/9788711690376-faeroeerne-en-moderne-nation-foedes/,Færøerne - En moderne nation fødes,"Medlemspris: 297,50 kr.","Pris: 349,95 kr."
https://www.skalk.dk/webshoppen/produkter/imports/9788740001471-store-nordiske-krig/,Store Nordiske Krig,"Medlemspris: 510,00 kr.","Pris: 600,00 kr."
https://www.skalk.dk/webshoppen/produkter/imports/9788789531137-skalks-tidstavle/,Skalks tidstavle,"Medlemspris: 60,00 kr.","Pris: 60,00 kr."
https://www.skalk.dk/webshoppen/produkter/imports/9788789531359-jelling-sommeren-1861/,"Jelling, Sommeren 1861","Medlemspris: 250,00 kr.","Pris: 290,00 kr."
https://www.skalk.dk/webshoppen/produkter/imports/9788779342903-the-archaeology-of-medieval-europe-eighth-to-twelfth-centuries-ad/,The  archaeology of medieval Europe Eighth to twelfth centuries AD,"Medlemspris: 403,75 kr.","Pris: 448,00 kr."
https://www.skalk.dk/webshoppen/produkter/imports/9788702081350-hoejesteret-350-aar/,Højesteret - 350 år,"Medlemspris: 270,00 kr.","Pris: 299,00 kr."
https://www.skalk.dk/webshoppen/produkter/imports/9788740618211-aarhus-i-aartier-60erne/,Aarhus i årtier - 60'erne,"Medlemspris: 280,00 kr.","Pris: 349,95 kr."
https://www.skalk.dk/webshoppen/produkter/imports/9788779343306-kildekritisk-tekstsamling/,Kildekritisk tekstsamling,"Medlemspris: 450,00 kr.","Pris: 499,95 kr."
https://www.skalk.dk/webshoppen/produkter/imports/9788711568347-sapiens-en-kort-historie-om-menneskeheden/,Sapiens - En kort historie om menneskeheden,"Medlemspris: 240,00 kr.","Pris: 299,95 kr."
https://www.skalk.dk/webshoppen/produkter/imports/9788763863018-ulvetid/,Ulvetid,"Medlemspris: 255,00 kr.","Pris: 299,95 kr."
https://www.skalk.dk/webshoppen/produkter/imports/9788702159578-grever-baroner-og-husmaend/,"Grever, baroner og husmænd","Medlemspris: 360,00 kr.","Pris: 399,95 kr."
https://www.skalk.dk/webshoppen/produkter/imports/9788789531526-mit-levned/,Mit levned,"Medlemspris: 249,00 kr.","Pris: 299,00 kr."
https://www.skalk.dk/webshoppen/produkter/imports/9788778671035-europa-1800-2000/,Europa 1800-2000,"Medlemspris: 378,00 kr.","Pris: 420,00 kr."
https://www.skalk.dk/webshoppen/produkter/imports/9788712056690-danmark-set-gennem-et-cykelhjul/,Danmark set gennem et cykelhjul,"Medlemspris: 340,00 kr.","Pris: 399,95 kr."
https://www.skalk.dk/webshoppen/produkter/imports/9788712059790-amalfitavlen/,Amalfitavlen,"Medlemspris: 127,50 kr.","Pris: 149,95 kr."
https://www.skalk.dk/webshoppen/produkter/imports/9788779344150-danske-middelalderborge/,Danske Middelalderborge,"Medlemspris: 340,00 kr.","Pris: 399,95 kr."
https://www.skalk.dk/webshoppen/produkter/imports/9788740653588-vi-har-det-saa-dejligt/,Vi har det så dejligt!,"Medlemspris: 240,00 kr.","Pris: 299,95 kr."
https://www.skalk.dk/webshoppen/produkter/imports/9788793951341-soenderjysk-kaffebord/,Sønderjysk kaffebord,"Medlemspris: 127,50 kr.","Pris: 149,95 kr."
https://www.skalk.dk/webshoppen/produkter/imports/9788702161991-gamle-koebenhavn/,Gamle København,"Medlemspris: 255,00 kr.","Pris: 299,95 kr."
https://www.skalk.dk/webshoppen/produkter/imports/9788712058403-opfindelsen-af-naturen/,Opfindelsen af naturen,"Medlemspris: 340,00 kr.","Pris: 399,95 kr."
https://www.skalk.dk/webshoppen/produkter/imports/9788785160942-solis-billedbibel/,Solis billedbibel,"Medlemspris: 48,00 kr.","Pris: 65,00 kr."
https://www.skalk.dk/webshoppen/produkter/imports/9788771846171-tings-tale/,Tings tale,"Medlemspris: 152,50 kr.","Pris: 180,00 kr."
https://www.skalk.dk/webshoppen/produkter/imports/9788711543535-forladt/,Forladt,"Medlemspris: 240,00 kr.","Pris: 299,95 kr."
https://www.skalk.dk/webshoppen/produkter/imports/9788789466071-slaegtsforskning-i-laegdsruller-soeruller-og-i-haerens-og-soevaernets-arkiver/,"Slægtsforskning i lægdsruller, søruller og i hærens og søværnets arkiver","Medlemspris: 222,75 kr.","Pris: 248,00 kr."
https://www.skalk.dk/webshoppen/produkter/imports/9788789531083-da-spaniolerne-kom/,Da spaniolerne kom,"Medlemspris: 180,00 kr.","Pris: 228,00 kr."
https://www.skalk.dk/webshoppen/produkter/imports/9788774673705-da-vikingerne-moedte-korset/,Da vikingerne mødte korset,"Medlemspris: 200,00 kr.","Pris: 249,95 kr."
https://www.skalk.dk/webshoppen/produkter/imports/9788750057680-karen-blixens-kogebog/,Karen Blixens kogebog,"Medlemspris: 200,00 kr.","Pris: 249,95 kr."
https://www.skalk.dk/webshoppen/produkter/imports/9788702048810-en-europaeisk-danmarkshistorie/,En europæisk Danmarkshistorie,"Medlemspris: 340,00 kr.","Pris: 399,95 kr."
https://www.skalk.dk/webshoppen/produkter/imports/9788702120547-1864-i-billeder/,1864 i billeder,"Medlemspris: 360,00 kr.","Pris: 399,95 kr."
https://www.skalk.dk/webshoppen/produkter/imports/9788774674405-nfs-grundtvig/,N.F.S. Grundtvig,"Medlemspris: 160,00 kr.","Pris: 199,95 kr."
https://www.skalk.dk/webshoppen/produkter/imports/9788763542234-mad-drikke-og-tobak-1835-80/,"Mad, drikke og tobak 1835-80","Medlemspris: 313,88 kr.","Pris: 348,00 kr."
https://www.skalk.dk/webshoppen/produkter/imports/9788740652468-aarhusianske-gadenavne-historien-om-760-gade-og-vejnavne-i-aarhus-kommune/,Aarhusianske gadenavne: Historien om 760 gade- og vejnavne i Aarhus kommune,"Medlemspris: 240,00 kr.","Pris: 299,95 kr."
https://www.skalk.dk/webshoppen/produkter/imports/9788779342644-northbound/,Northbound,"Medlemspris: 358,13 kr.","Pris: 398,00 kr."
https://www.skalk.dk/webshoppen/produkter/imports/9788771902099-mordet-i-odense/,Mordet i Odense,"Medlemspris: 112,50 kr.","Pris: 149,95 kr."
https://www.skalk.dk/webshoppen/produkter/imports/9788702294576-fra-befrielse-til-forpligtelse/,Fra befrielse til forpligtelse,"Medlemspris: 297,50 kr.","Pris: 349,95 kr."
https://www.skalk.dk/webshoppen/produkter/imports/9788791834301-den-russiske-revolution-og-borgerkrig/,Den Russiske Revolution og Borgerkrig,"Medlemspris: 198,00 kr.","Pris: 220,00 kr."
https://www.skalk.dk/webshoppen/produkter/imports/9788774674849-stemmer-fra-groenland/,Stemmer fra Grønland,"Medlemspris: 240,00 kr.","Pris: 299,95 kr."
https://www.skalk.dk/webshoppen/produkter/imports/9788702152210-der-kommer-tog/,Der kommer tog,"Medlemspris: 297,50 kr.","Pris: 349,95 kr."
https://www.skalk.dk/webshoppen/produkter/imports/9788740654585-rudi-og-jeg/,Rudi og jeg,"Medlemspris: 200,00 kr.","Pris: 249,95 kr."
https://www.skalk.dk/webshoppen/produkter/imports/9788799881635-roskildes-guldalder-1800-tallet/,Roskildes Guldalder - 1800-tallet,"Medlemspris: 255,00 kr.","Pris: 299,95 kr."
https://www.skalk.dk/webshoppen/produkter/imports/9788740665178-hverken-ubesindig-eller-frygtsom/,Hverken ubesindig eller frygtsom,"Medlemspris: 280,00 kr.","Pris: 349,95 kr."
https://www.skalk.dk/webshoppen/produkter/imports/9788740668018-vi-tror-vi-kan-maale-alt/,Vi tror vi kan måle alt,"Medlemspris: 239,96 kr.","Pris: 299,95 kr."
https://www.skalk.dk/webshoppen/produkter/imports/9788771849776-tings-tale-02/,Tings Tale 02,"Medlemspris: 152,50 kr.","Pris: 180,00 kr."
https://www.skalk.dk/webshoppen/produkter/imports/9788789531335-valdemar-den-stores-borg-paa-sprogoe/,Valdemar den Stores borg på Sprogø,"Medlemspris: 82,00 kr.","Pris: 96,00 kr."
https://www.skalk.dk/webshoppen/produkter/imports/9788779341586-feud-in-medieval-and-early-modern-europe/,Feud in Medieval and Early Modern Europe,"Medlemspris: 223,75 kr.","Pris: 248,00 kr."
https://www.skalk.dk/webshoppen/produkter/imports/9788799881611-ole-basse/,Ole Basse,"Medlemspris: 212,50 kr.","Pris: 249,95 kr."
https://www.skalk.dk/webshoppen/produkter/imports/9788793312418-opstandens-underlag/,Opstandens underlag,"Medlemspris: 184,00 kr.","Pris: 229,95 kr."
https://www.skalk.dk/webshoppen/produkter/imports/9788778423931-paa-flugt-fra-foereren/,På flugt fra Føreren,"Medlemspris: 150,00 kr.","Pris: 199,95 kr."
https://www.skalk.dk/webshoppen/produkter/imports/9788711983492-rejsen-til-amerika/,Rejsen til Amerika,"Medlemspris: 240,00 kr.","Pris: 299,95 kr."
https://www.skalk.dk/webshoppen/produkter/imports/9788789531144-jyske-kroenike/,Jyske Krønike,"Medlemspris: 120,00 kr.","Pris: 148,00 kr."
https://www.skalk.dk/webshoppen/produkter/imports/9788711984819-anne-franks-dagbog/,Anne Franks Dagbog,"Medlemspris: 240,00 kr.","Pris: 299,95 kr."
https://www.skalk.dk/webshoppen/produkter/imports/9788712060628-danmark-som-soefartsnation/,Danmark som søfartsnation,"Medlemspris: 297,50 kr.","Pris: 349,95 kr."
https://www.skalk.dk/webshoppen/produkter/imports/9788774061090-soenderjyllands-historie-bd1/,Sønderjyllands historie Bd.1,"Medlemspris: 205,00 kr.","Pris: 228,00 kr."
https://www.skalk.dk/webshoppen/produkter/imports/9788740658538-havets-herskere/,Havets herskere,"Medlemspris: 240,00 kr.","Pris: 299,95 kr."
https://www.skalk.dk/webshoppen/produkter/imports/9788711481196-bedraget-sagen-om-nordisk-fjer/,Bedraget - Sagen om Nordisk Fjer,"Medlemspris: 212,50 kr.","Pris: 249,95 kr."
https://www.skalk.dk/webshoppen/produkter/imports/9788771846218-vester-egesborg/,Vester Egesborg,"Medlemspris: 510,00 kr.","Pris: 599,95 kr."
https://www.skalk.dk/webshoppen/produkter/imports/9788702216684-viking/,Viking,"Medlemspris: 340,00 kr.","Pris: 399,95 kr."
https://www.skalk.dk/webshoppen/produkter/imports/9788740654967-verden-er-ny-historier-fra-de-broelende-20ere/,Verden er ny - Historier fra de brølende 20'ere,"Medlemspris: 240,00 kr.","Pris: 299,95 kr."
https://www.skalk.dk/webshoppen/produkter/imports/9788740654769-tenno-japans-kejserdoemme-i-nutiden/,Tenno: Japans kejserdømme i nutiden,"Medlemspris: 160,00 kr.","Pris: 199,95 kr."
https://www.skalk.dk/webshoppen/produkter/imports/9788712058304-da-danskerne-ville-omvende-verden/,Da danskerne ville omvende Verden,"Medlemspris: 297,50 kr.","Pris: 349,95 kr."
https://www.skalk.dk/webshoppen/produkter/imports/9788702227192-mennesket-har-altid-vandret/,Mennesket har altid vandret,"Medlemspris: 85,00 kr.","Pris: 99,95 kr."
https://www.skalk.dk/webshoppen/produkter/imports/9788799929702-fra-dansk-vestindien-til-ribe/,Fra Dansk Vestindien til Ribe,"Medlemspris: 178,75 kr.","Pris: 199,00 kr."
https://www.skalk.dk/webshoppen/produkter/imports/9788763546843-dansk-editionshistorie-bd-1-4/,"Dansk Editionshistorie, bd. 1-4","Medlemspris: 1.500,00 kr.","Pris: 1.875,00 kr."
https://www.skalk.dk/webshoppen/produkter/imports/9788789531090-koge-bog-indeholdendis-et-hundrede-fornoedene-stycker-som-ere-om-brygning-bagning-kogen-brendevijn-oc-mioed-at-berede-sa/,"Koge Bog, indeholdendis et hundrede fornødene Stycker, som ere om Brygning, Bagning, Kogen, Brendevijn oc Miød at berede, sa","Medlemspris: 60,00 kr.","Pris: 80,00 kr."
https://www.skalk.dk/webshoppen/produkter/imports/9788740658651-torvehuse/,Torvehuse,"Medlemspris: 199,96 kr.","Pris: 249,95 kr."
https://www.skalk.dk/webshoppen/produkter/imports/9788740667042-christian-lll-s-krigsbog/,Christian lll´s krigsbog,"Medlemspris: 279,96 kr.","Pris: 349,95 kr."
https://www.skalk.dk/webshoppen/produkter/imports/9788793423527-ribe-700-1050/,Ribe 700-1050,"Medlemspris: 315,00 kr.","Pris: 349,95 kr."
https://www.skalk.dk/webshoppen/produkter/imports/9788779342248-historiske-optegnelser/,Historiske optegnelser,"Medlemspris: 448,75 kr.","Pris: 498,00 kr."
https://www.skalk.dk/webshoppen/produkter/imports/9788757017021-scharnhorst/,Scharnhorst,"Medlemspris: 170,00 kr.","Pris: 199,95 kr."
https://www.skalk.dk/webshoppen/produkter/imports/9788799977949-jyllandsslaget-og-foerste-verdenskrig-i-nordsoeen/,Jyllandsslaget og Første Verdenskrig i Nordsøen,"Medlemspris: 255,00 kr.","Pris: 300,00 kr."
https://www.skalk.dk/webshoppen/produkter/imports/9788740666175-doedens-store-billedbog/,Dødens store billedbog,"Medlemspris: 279,96 kr.","Pris: 349,95 kr."
https://www.skalk.dk/webshoppen/produkter/imports/9788702288506-uden-mandat/,Uden mandat,"Medlemspris: 340,00 kr.","Pris: 399,95 kr."
https://www.skalk.dk/webshoppen/produkter/imports/9788792173065-ddrs-historie/,DDR's historie,"Medlemspris: 175,00 kr.","Pris: 195,00 kr."
https://www.skalk.dk/webshoppen/produkter/imports/9788702101638-danmarks-historie/,Danmarks historie,"Medlemspris: 180,00 kr.","Pris: 199,95 kr."
https://www.skalk.dk/webshoppen/produkter/imports/9788740654738-bidrag-til-danmarks-indvandringshistorie/,Bidrag til Danmarks indvandringshistorie,"Medlemspris: 224,00 kr.","Pris: 279,95 kr."
https://www.skalk.dk/webshoppen/produkter/imports/9788779344044-bonde-stat-og-hjem/,"Bonde, stat og hjem","Medlemspris: 448,75 kr.","Pris: 498,00 kr."
https://www.skalk.dk/webshoppen/produkter/imports/9788740620597-blod-og-jord/,Blod og Jord,"Medlemspris: 280,00 kr.","Pris: 349,95 kr."
https://www.skalk.dk/webshoppen/produkter/imports/9788799675494-de-stjal-hitlers-hemmelighed/,De stjal Hitlers hemmelighed,"Medlemspris: 118,75 kr.","Pris: 149,00 kr."
https://www.skalk.dk/webshoppen/produkter/imports/9788774061397-genforeningens-arkitekt-hp-hanssen-1914-1936/,Genforeningens arkitekt - H.P Hanssen 1914-1936,"Medlemspris: 222,50 kr.","Pris: 248,00 kr."
https://www.skalk.dk/webshoppen/produkter/imports/9788789531557-skalks-tidstavle-a4-klassesaet-med-30-stk/,"Skalks tidstavle A4, klassesæt med 30 stk.",null,"Pris: 100,00 kr."
https://www.skalk.dk/webshoppen/produkter/imports/9788740665833-verden-i-opbrud/,Verden i opbrud,"Medlemspris: 240,00 kr.","Pris: 299,95 kr."
https://www.skalk.dk/webshoppen/produkter/imports/9788763541442-herregaard-og-herskab/,Herregård og herskab,"Medlemspris: 278,75 kr.","Pris: 348,00 kr."
https://www.skalk.dk/webshoppen/produkter/imports/9788799676569-naar-arktiske-eventyrere-moedes/,"Når arktiske eventyrere mødes,...","Medlemspris: 71,25 kr.","Pris: 80,00 kr."
https://www.skalk.dk/webshoppen/produkter/imports/9788789531472-den-danske-tehistorie/,Den Danske Tehistorie,"Medlemspris: 248,00 kr.","Pris: 288,00 kr."
https://www.skalk.dk/webshoppen/produkter/imports/9788702172928-karen-blixen-i-billeder/,Karen Blixen i billeder,"Medlemspris: 315,00 kr.","Pris: 349,95 kr."
https://www.skalk.dk/webshoppen/produkter/imports/9788702290639-christoffer-columbus/,Christoffer Columbus,"Medlemspris: 255,00 kr.","Pris: 299,95 kr."
https://www.skalk.dk/webshoppen/produkter/imports/9788774574477-grundtvig-som-politiker/,Grundtvig som politiker,null,"Pris: 44,10 kr."
https://www.skalk.dk/webshoppen/produkter/imports/9788711696521-arnhem-slaget-om-broerne-1944/,Arnhem - Slaget om broerne 1944,"Medlemspris: 170,00 kr.","Pris: 199,95 kr."
https://www.skalk.dk/webshoppen/produkter/imports/9788793423237-the-hammerum-burial-site/,The Hammerum Burial Site,"Medlemspris: 270,00 kr.","Pris: 299,95 kr."
https://www.skalk.dk/webshoppen/produkter/imports/9788799676576-when-arctic-adventures-meet/,"When Arctic Adventures Meet,...","Medlemspris: 72,50 kr.","Pris: 80,00 kr."
https://www.skalk.dk/webshoppen/produkter/imports/9788740055252-det-ensomme-hjerte/,Det ensomme hjerte,"Medlemspris: 170,00 kr.","Pris: 200,00 kr."
https://www.skalk.dk/webshoppen/produkter/imports/9788702241785-soelv-blod-og-kongemagt/,"Sølv, blod og kongemagt","Medlemspris: 255,00 kr.","Pris: 299,95 kr."
https://www.skalk.dk/webshoppen/produkter/imports/9788772893815-historie/,Historie,"Medlemspris: 178,88 kr.","Pris: 198,00 kr."
